{"cameraMode":{"drawMode":0,"name":"Shaded","section":"Shading Mode"},"sceneLighting":true,"audioPlay":false,"sceneViewState":{"showFog":true,"showMaterialUpdate":false,"showSkybox":true,"showFlares":true,"showImageEffects":true,"showParticleSystems":true},"in2DMode":false,"pivot":{"x":0.037156105041503909,"y":2.6986377239227297,"z":7.229869842529297},"rotation":{"x":-0.02718287892639637,"y":0.09491871297359467,"z":-0.0025928104296326639,"w":-0.9951109290122986},"size":25.202409744262697,"orthographic":false}